/*
Navicat MySQL Data Transfer

Source Server         : 本机
Source Server Version : 50621
Source Host           : localhost:3306
Source Database       : yqtbase

Target Server Type    : MYSQL
Target Server Version : 50621
File Encoding         : 65001

Date: 2014-12-09 12:08:59
*/

SET FOREIGN_KEY_CHECKS=0;
-- ----------------------------
-- Table structure for `attributeh`
-- ----------------------------
DROP TABLE IF EXISTS `attributeh`;
CREATE TABLE `attributeh` (
  `AttributeId` int(11) NOT NULL AUTO_INCREMENT,
  `EnterpriseId` int(11) DEFAULT NULL,
  `TotalNetAssets` int(11) DEFAULT NULL,
  `TotalCapitalAsserts` double DEFAULT NULL,
  `OperatingReceipt` double DEFAULT NULL COMMENT '??',
  `TotalTaxProfit` double DEFAULT NULL,
  `CapitalAssertsNetValue` double DEFAULT NULL,
  `FloatingCapital` double DEFAULT NULL,
  `CashLiabilities` double DEFAULT NULL,
  `GeneralCash` double DEFAULT NULL,
  `ShortTermBondInvestment` double DEFAULT NULL,
  `AccountReceivable` double DEFAULT NULL,
  `NoteReceivable` double DEFAULT NULL,
  `ValueSecurities` double DEFAULT NULL,
  `GrossLiabilities` double DEFAULT NULL,
  `TotalAssets` double DEFAULT NULL,
  `EarningsInterestTaxes` double DEFAULT NULL,
  `CapitalCharges` double DEFAULT NULL,
  `ForeignGuaranteeAmount` double DEFAULT NULL,
  `SalesProceed` double DEFAULT NULL,
  `MainBusinessNetIncome` double DEFAULT NULL,
  `BeginTotalCurrentAssets` double DEFAULT NULL,
  `EndTotalCurrentAssets` double DEFAULT NULL,
  `FixedAssets` double DEFAULT NULL,
  `BeginTotalAccountsReceivable` double DEFAULT NULL,
  `EndTotalAccountsReceivable` double DEFAULT NULL,
  `SellingCost` double DEFAULT NULL,
  `BeginningInventory` double DEFAULT NULL,
  `EndInventory` double DEFAULT NULL,
  `BeginOwnerEquity` double DEFAULT NULL,
  `EndOwnerEquity` double DEFAULT NULL,
  `BeginSalesProceed` double DEFAULT NULL,
  `EndSalesProceed` double DEFAULT NULL,
  `NetIncomeRetainedAfterTax` double DEFAULT NULL,
  `NetAssets` double DEFAULT NULL,
  `TotalProfit` double DEFAULT NULL,
  `TotalCost` double DEFAULT NULL,
  `MainOperationIncome` double DEFAULT NULL,
  `CostOfSales` double DEFAULT NULL,
  `SalesTax` double DEFAULT NULL,
  `TotalAssetGrowth` double DEFAULT NULL,
  `BeginTotalAssets` double DEFAULT NULL,
  `BeginNetAssets` double DEFAULT NULL,
  `EndNetAssets` double DEFAULT NULL,
  `BeginBusinessReceipt` double DEFAULT NULL,
  `EndBusinessReceipt` double DEFAULT NULL,
  `BeginNonrevenueReceipt` double DEFAULT NULL,
  `EndNonrevenueReceipt` double DEFAULT NULL,
  `IncomeTax` double DEFAULT NULL,
  `EmployeNumCurrentYear` int(11) DEFAULT NULL,
  `EmployeNumLastYear` int(11) DEFAULT NULL,
  `AgeGroup` int(11) DEFAULT NULL,
  `DegreeTitles` int(11) DEFAULT NULL,
  `WorkingTime` double DEFAULT NULL,
  `Reputations` int(11) DEFAULT NULL,
  `EnterpriseExpansionProjects` tinyint(4) DEFAULT NULL,
  `ProducLongTermDevelopment` tinyint(4) DEFAULT NULL,
  `ProductQualityCertification` tinyint(4) DEFAULT NULL,
  `LndustryProperties` int(11) DEFAULT NULL,
  `YearNewSalesIncome` double DEFAULT NULL,
  `YearGrossSales` double DEFAULT NULL,
  `AppropriationExpenditure` double DEFAULT NULL,
  `BeginFundingAmount` double DEFAULT NULL,
  `EndFundingAmount` double DEFAULT NULL,
  `AboveCollegeEmployeeNum` int(11) DEFAULT NULL,
  `ScientificRewardsNum` int(11) DEFAULT NULL,
  `IntellectualPropertyRightNum` int(11) DEFAULT NULL,
  `PatentNum` int(11) DEFAULT NULL,
  `CouontryGovernmentProjectNum` int(11) DEFAULT NULL,
  `ProvinceGovernmentprojectNum` int(11) DEFAULT NULL,
  `CityGovernmentprojectNum` int(11) DEFAULT NULL,
  `IncentiveSystemOfInnovation` tinyint(4) DEFAULT NULL,
  `Researchinstitute` tinyint(4) DEFAULT NULL,
  `VentureCapitalInstitutions` tinyint(4) DEFAULT NULL,
  `InternationallyCooperative` tinyint(4) DEFAULT NULL,
  `StateKeyLaboratory` tinyint(4) DEFAULT NULL,
  `GrossInterest` double DEFAULT NULL,
  `OverdueLoans` double DEFAULT NULL,
  `LoanCeiling` double DEFAULT NULL,
  `AlreadyPaidCredit` double DEFAULT NULL,
  `ShouldPaidCredit` double DEFAULT NULL,
  `PersonalReputation` int(11) DEFAULT NULL,
  `OperationControl` int(11) DEFAULT NULL,
  `ShareholdersBackground` int(11) DEFAULT NULL,
  `TakeOfficeYear` int(11) DEFAULT NULL,
  `BoardOfDirectors` int(11) DEFAULT NULL,
  `CeosetupStatus` int(11) DEFAULT NULL,
  `AuditOpinion` int(11) DEFAULT NULL,
  `Irregularities` int(11) DEFAULT NULL,
  `StateIndustrialPolicies` int(11) DEFAULT NULL,
  `IndustryPosition` int(11) DEFAULT NULL,
  `LeadingIndustry` int(11) DEFAULT NULL,
  `ProductCompetitiveness` int(11) DEFAULT NULL,
  `EndTotalAssets` double DEFAULT NULL,
  `LastTotalProfit` double DEFAULT NULL,
  `LastIncomeTax` double DEFAULT NULL,
  `AcademicTitle` int(11) DEFAULT NULL,
  `BeginMainOperationIncome` double DEFAULT NULL,
  `EndMainOperationIncome` double DEFAULT NULL,
  `BeginCostOfSales` double DEFAULT NULL,
  `EndCostOfSales` double DEFAULT NULL,
  `BeginSalesTax` double DEFAULT NULL,
  `EndSalesTax` double DEFAULT NULL,
  `CreateTime` varchar(24) DEFAULT NULL,
  `InterestExpense` decimal(10,0) DEFAULT NULL,
  `shareholderNameOne` varchar(32) DEFAULT NULL,
  `shareholdingRatioOne` double DEFAULT NULL,
  `shareholderNameTwo` varchar(32) DEFAULT NULL,
  `shareholderNameThree` varchar(32) DEFAULT NULL,
  `shareholdingRatioThree` double DEFAULT NULL,
  `shareholdingRatioTwo` double DEFAULT NULL,
  `shareholdingRatioFour` double DEFAULT NULL,
  `shareholderNameFour` varchar(32) DEFAULT NULL,
  `shareholderNameFive` varchar(32) DEFAULT NULL,
  `shareholdingRatioFive` double DEFAULT NULL,
  `IinfoDisclosure` varchar(200) DEFAULT NULL,
  `managerAge` int(11) DEFAULT NULL,
  `eduBackground` int(11) DEFAULT NULL,
  `totalEmployees` int(11) DEFAULT NULL,
  `year` varchar(10) DEFAULT NULL,
  `IsDelete` int(11) DEFAULT '0',
  `IndustryRatingNo` int(11) DEFAULT NULL,
  PRIMARY KEY (`AttributeId`)
) ENGINE=InnoDB AUTO_INCREMENT=24 DEFAULT CHARSET=utf8 ROW_FORMAT=COMPACT;

-- ----------------------------
-- Records of attributeh
-- ----------------------------
INSERT INTO `attributeh` VALUES ('1', '60', '2578', '1171.756', '5182.656', '786.538', '1058.572', '866.763', '152', '713.259', '500', '800', '800', '500', '260.342', '3138.539', '1017.321', '2', '0', '5182.655', '5182.655', '249.377', '866.763', '1171.756', '1.415', '800', '3.024', '23.518', '28.538', '563.874', '1578.198', '589.71', '5182.655', '986.538', '1578.198', '1017.321', '174.465', '5182.655', '168.783', '1.051', '1016.545', '522.09', '163.874', '1578.198', '189.714', '5282.656', '0.004', '0.001', '210.783', '123', '95', '2', '0', '15', '0', '1', '1', '1', '2', '1500.02', '5182.86', '500', '600', '300', '115', '15', '18', '10', '5', '10', '5', '1', '1', '1', '1', '1', '1017.321', '0', '1500', '1020', '500', '0', '0', '1', '8', '0', '0', '0', '1', '0', '0', '0', '0', '3138.539', '411.275', '101.211', '0', '389.71', '5182.655', '68.783', '168.783', '0.392', '1.051', null, '0', '海澜集团公司', '22.35', '中国远东国际贸易有限公司', '山西信托投资有限公司', '2.36', '4.31', '2.22', '中银同盛证券投资基金', '红杉集团', '1.15', '2010年有重大技术突破，获得国家专利。2011年公司与英利绿色能源控股有限公司（中国新能源企业30强）达成战略伙伴，实现技术共享。2012年海澜集团收购宏晟光电30%股份（太阳能电池生产商）', '2', '0', '123', null, '1', null);
INSERT INTO `attributeh` VALUES ('2', '60', '2578', '1171.756', '5182.656', '786.538', '1058.572', '866.763', '152', '713.259', '500', '800', '800', '500', '260.342', '3138.539', '1017.321', '2', '0', '5182.655', '5182.655', '249.377', '866.763', '1171.756', '1.415', '800', '3.024', '23.518', '28.538', '563.874', '1578.198', '589.71', '5182.655', '986.538', '1578.198', '1017.321', '174.465', '5182.655', '168.783', '1.051', '1016.545', '522.09', '163.874', '1578.198', '189.714', '5282.656', '0.004', '0.001', '210.783', '123', '95', '2', '0', '15', '0', '1', '1', '1', '2', '1500.02', '5182.86', '500', '600', '300', '115', '15', '18', '10', '5', '10', '5', '1', '1', '1', '1', '1', '1017.321', '0', '1500', '1020', '500', '0', '0', '1', '8', '0', '0', '0', '1', '0', '0', '0', '0', '3138.539', '411.275', '101.211', '0', '389.71', '5182.655', '68.783', '168.783', '0.392', '1.051', null, '0', '海澜集团公司', '22.35', '中国远东国际贸易有限公司', '山西信托投资有限公司', '2.36', '4.31', '2.22', '中银同盛证券投资基金', '红杉集团', '1.15', '2010年有重大技术突破，获得国家专利。2011年公司与英利绿色能源控股有限公司（中国新能源企业30强）达成战略伙伴，实现技术共享。2012年海澜集团收购宏晟光电30%股份（太阳能电池生产商）', '2', '0', '123', '2000', null, null);
INSERT INTO `attributeh` VALUES ('3', '60', '2578', '1171.7563', '5182.656', '786.538', '1058.572', '866.763', '152', '713.259', '500', '800', '800', '500', '260.342', '3138.539', '1017.321', '2', '0', '5182.655', '5182.655', '249.377', '866.763', '1171.756', '1.415', '800', '3.024', '23.518', '28.538', '563.874', '1578.198', '589.71', '5182.655', '986.538', '1578.198', '1017.321', '174.465', '5182.655', '168.783', '1.051', '1016.545', '522.09', '163.874', '1578.198', '189.714', '5282.656', '0.004', '0.001', '210.783', '123', '95', '2', '0', '15', '0', '1', '1', '1', '2', '1500.02', '5182.86', '500', '600', '300', '115', '15', '18', '10', '5', '10', '5', '1', '1', '1', '1', '1', '1017.321', '0', '1500', '1020', '500', '0', '0', '1', '8', '0', '0', '0', '1', '0', '0', '0', '0', '3138.539', '411.275', '101.211', '0', '389.71', '5182.655', '68.783', '168.783', '0.392', '1.051', null, '0', '海澜集团公司', '22.35', '中国远东国际贸易有限公司', '山西信托投资有限公司', '2.36', '4.31', '2.22', '中银同盛证券投资基金', '红杉集团', '1.15', '2010年有重大技术突破，获得国家专利。2011年公司与英利绿色能源控股有限公司（中国新能源企业30强）达成战略伙伴，实现技术共享。2012年海澜集团收购宏晟光电30%股份（太阳能电池生产商）', '2', '0', '123', '2013', null, null);
INSERT INTO `attributeh` VALUES ('4', '60', '2578', '117', '5182.656', '786.538', '1058.572', '866.763', '152', '713.259', '500', '800', '800', '500', '260.342', '3138.539', '1017.321', '2', '0', '5182.655', '5182.655', '249.377', '866.763', '1171.756', '1.415', '800', '3.024', '23.518', '28.538', '563.874', '1578.198', '589.71', '5182.655', '986.538', '1578.198', '1017.321', '174.465', '5182.655', '168.783', '1.051', '1016.545', '522.09', '163.874', '1578.198', '189.714', '5282.656', '0.004', '0.001', '210.783', '123', '95', '2', '0', '15', '0', '1', '1', '1', '2', '1500.02', '5182.86', '500', '600', '300', '115', '15', '18', '10', '5', '10', '5', '1', '1', '1', '1', '1', '1017.321', '0', '1500', '1020', '500', '0', '0', '1', '8', '0', '0', '0', '1', '0', '0', '0', '0', '3138.539', '411.275', '101.211', '0', '389.71', '5182.655', '68.783', '168.783', '0.392', '1.051', null, '0', '海澜集团公司', '22.35', '中国远东国际贸易有限公司', '山西信托投资有限公司', '2.36', '4.31', '2.22', '中银同盛证券投资基金', '红杉集团', '1.15', '2010年有重大技术突破，获得国家专利。2011年公司与英利绿色能源控股有限公司（中国新能源企业30强）达成战略伙伴，实现技术共享。2012年海澜集团收购宏晟光电30%股份（太阳能电池生产商）', '2', '0', '123', '2013', null, null);
INSERT INTO `attributeh` VALUES ('5', '60', '2578', '1171.756', '5182.656', '786.538', '1058.572', '866.763', '152', '713.259', '500', '800', '800', '500', '260.342', '3138.539', '1017.321', '2', '0', '5182.655', '5182.655', '249.377', '866.763', '1171.756', '1.415', '800', '3.024', '23.518', '28.538', '563.874', '1578.198', '589.71', '5182.655', '986.538', '1578.198', '1017.321', '174.465', '5182.655', '168.783', '1.051', '1016.545', '522.09', '163.874', '1578.198', '189.714', '5282.656', '0.004', '0.001', '210.783', '123', '95', '2', '0', '15', '0', '1', '1', '1', '2', '1500.02', '5182.86', '500', '600', '300', '115', '15', '18', '10', '5', '10', '5', '1', '1', '1', '1', '1', '1017.321', '0', '1500', '1020', '500', '0', '0', '1', '8', '0', '0', '0', '1', '0', '0', '0', '0', '3138.539', '411.275', '101.211', '0', '389.71', '5182.655', '68.783', '168.783', '0.392', '1.051', null, '0', '海澜集团公司', '22.35', '中国远东国际贸易有限公司', '山西信托投资有限公司', '2.36', '4.31', '2.22', '中银同盛证券投资基金', '红杉集团', '1.15', '2010年有重大技术突破，获得国家专利。2011年公司与英利绿色能源控股有限公司（中国新能源企业30强）达成战略伙伴，实现技术共享。2012年海澜集团收购宏晟光电30%股份（太阳能电池生产商）', '2', '0', '123', '2013', null, null);
INSERT INTO `attributeh` VALUES ('6', '60', '2578', '1171.756', '5182.656', '786.538', '1058.572', '866.763', '152', '713.259', '500', '800', '800', '500', '260.342', '3138.539', '1017.321', '2', '0', '5182.655', '5182.655', '249.377', '866.763', '1171.756', '1.415', '800', '3.024', '23.518', '28.538', '563.874', '1578.198', '589.71', '5182.655', '986.538', '1578.198', '1017.321', '174.465', '5182.655', '168.783', '1.051', '1016.545', '522.09', '163.874', '1578.198', '189.714', '5282.656', '0.004', '0.001', '210.783', '123', '95', '2', '0', '15', '0', '1', '1', '1', '2', '1500.02', '5182.86', '500', '600', '300', '115', '15', '18', '10', '5', '10', '5', '1', '1', '1', '1', '1', '1017.321', '0', '1500', '1020', '500', '0', '0', '1', '8', '0', '0', '0', '1', '0', '0', '0', '0', '3138.539', '411.275', '101.211', '0', '389.71', '5182.655', '68.783', '168.783', '0.392', '1.051', null, '0', '海澜集团公司', '22.35', '中国远东国际贸易有限公司', '山西信托投资有限公司', '2.36', '4.31', '2.22', '中银同盛证券投资基金', '红杉集团', '1.15', '2010年有重大技术突破，获得国家专利。2011年公司与英利绿色能源控股有限公司（中国新能源企业30强）达成战略伙伴，实现技术共享。2012年海澜集团收购宏晟光电30%股份（太阳能电池生产商）', '2', '0', '123', null, '1', null);
INSERT INTO `attributeh` VALUES ('7', '60', '2578', '1171.756', '5182.656', '786.538', '1058.572', '866.763', '152', '713.259', '500', '800', '800', '500', '260.342', '3138.539', '1017.321', '2', '0', '5182.655', '5182.655', '249.377', '866.763', '1171.756', '1.415', '800', '3.024', '23.518', '28.538', '563.874', '1578.198', '589.71', '5182.655', '986.538', '1578.198', '1017.321', '174.465', '5182.655', '168.783', '1.051', '1016.545', '522.09', '163.874', '1578.198', '189.714', '5282.656', '0.004', '0.001', '210.783', '123', '95', '2', '0', '15', '0', '1', '1', '1', '2', '1500.02', '5182.86', '500', '600', '300', '115', '15', '18', '10', '5', '10', '5', '1', '1', '1', '1', '1', '1017.321', '0', '1500', '1020', '500', '0', '0', '1', '8', '0', '0', '0', '1', '0', '0', '0', '0', '3138.539', '411.275', '101.211', '0', '389.71', '5182.655', '68.783', '168.783', '0.392', '1.051', null, '0', '海澜集团公司2', '22.35', '中国远东国际贸易有限公司', '山西信托投资有限公司', '2.36', '4.31', '2.22', '中银同盛证券投资基金', '红杉集团', '1.15', '2010年有重大技术突破，获得国家专利。2011年公司与英利绿色能源控股有限公司（中国新能源企业30强）达成战略伙伴，实现技术共享。2012年海澜集团收购宏晟光电30%股份（太阳能电池生产商）', '2', '0', '123', '2000', '0', '35');
INSERT INTO `attributeh` VALUES ('8', '60', '2578', '1171.756', '5182.656', '786.538', '1058.572', '866.763', '152', '713.259', '500', '800', '800', '500', '260.342', '3138.539', '1017.321', '2', '0', '5182.655', '5182.655', '249.377', '866.763', '1171.756', '1.415', '800', '3.024', '23.518', '28.538', '563.874', '1578.198', '589.71', '5182.655', '986.538', '1578.198', '1017.321', '174.465', '5182.655', '168.783', '1.051', '1016.545', '522.09', '163.874', '1578.198', '189.714', '5282.656', '0.004', '0.001', '210.783', '123', '95', '2', '0', '15', '0', '1', '1', '1', '2', '1500.02', '5182.86', '500', '600', '300', '115', '15', '18', '10', '5', '10', '5', '1', '1', '1', '1', '1', '1017.321', '0', '1500', '1020', '500', '0', '0', '1', '8', '0', '0', '0', '1', '0', '0', '0', '0', '3138.539', '411.275', '101.211', '0', '389.71', '5182.655', '68.783', '168.783', '0.392', '1.051', null, '0', '海澜集团公司', '22.35', '中国远东国际贸易有限公司', '山西信托投资有限公司', '2.36', '4.31', '2.22', '中银同盛证券投资基金', '红杉集团', '1.15', '2010年有重大技术突破，获得国家专利。2011年公司与英利绿色能源控股有限公司（中国新能源企业30强）达成战略伙伴，实现技术共享。2012年海澜集团收购宏晟光电30%股份（太阳能电池生产商）', '2', '0', '123', null, '1', null);
INSERT INTO `attributeh` VALUES ('9', '60', '2578', '1171.756', '5182.656', '786.538', '1058.572', '866.763', '152', '713.259', '500', '800', '800', '500', '260.342', '3138.539', '1017.321', '2', '0', '5182.655', '5182.655', '249.377', '866.763', '1171.756', '1.415', '800', '3.024', '23.518', '28.538', '563.874', '1578.198', '589.71', '5182.655', '986.538', '1578.198', '1017.321', '174.465', '5182.655', '168.783', '1.051', '1016.545', '522.09', '163.874', '1578.198', '189.714', '5282.656', '0.004', '0.001', '210.783', '123', '95', '2', '0', '15', '0', '1', '1', '1', '2', '1500.02', '5182.86', '500', '600', '300', '115', '15', '18', '10', '5', '10', '5', '1', '1', '1', '1', '1', '1017.321', '0', '1500', '1020', '500', '0', '0', '1', '8', '0', '0', '0', '1', '0', '0', '0', '0', '3138.539', '411.275', '101.211', '0', '389.71', '5182.655', '68.783', '168.783', '0.392', '1.051', null, '0', '海澜集团公司', '22.35', '中国远东国际贸易有限公司', '山西信托投资有限公司', '2.36', '4.31', '2.22', '中银同盛证券投资基金', '红杉集团', '1.15', '2010年有重大技术突破，获得国家专利。2011年公司与英利绿色能源控股有限公司（中国新能源企业30强）达成战略伙伴，实现技术共享。2012年海澜集团收购宏晟光电30%股份（太阳能电池生产商）', '2', '0', '123', null, '1', null);
INSERT INTO `attributeh` VALUES ('10', '60', '2578', '1171.756', '5182.656', '786.538', '1058.572', '866.763', '152', '713.259', '500', '800', '800', '500', '260.342', '3138.539', '1017.321', '2', '0', '5182.655', '5182.655', '249.377', '866.763', '1171.756', '1.415', '800', '3.024', '23.518', '28.538', '563.874', '1578.198', '589.71', '5182.655', '986.538', '1578.198', '1017.321', '174.465', '5182.655', '168.783', '1.051', '1016.545', '522.09', '163.874', '1578.198', '189.714', '5282.656', '0.004', '0.001', '210.783', '123', '95', '2', '0', '15', '0', '1', '1', '1', '2', '1500.02', '5182.86', '500', '600', '300', '115', '15', '18', '10', '5', '10', '5', '1', '1', '1', '1', '1', '1017.321', '0', '1500', '1020', '500', '0', '0', '1', '8', '0', '0', '0', '1', '0', '0', '0', '0', '3138.539', '411.275', '101.211', '0', '389.71', '5182.655', '68.783', '168.783', '0.392', '1.051', null, '0', '海澜集团公司', '22.35', '中国远东国际贸易有限公司', '山西信托投资有限公司', '2.36', '4.31', '2.22', '中银同盛证券投资基金', '红杉集团', '1.15', '2010年有重大技术突破，获得国家专利。2011年公司与英利绿色能源控股有限公司（中国新能源企业30强）达成战略伙伴，实现技术共享。2012年海澜集团收购宏晟光电30%股份（太阳能电池生产商）', '2', '0', '123', null, '1', null);
INSERT INTO `attributeh` VALUES ('11', '60', '2578', '1171.756', '5182.656', '786.538', '1058.572', '866.763', '152', '713.259', '500', '800', '800', '500', '260.342', '3138.539', '1017.321', '2', '0', '5182.655', '5182.655', '249.377', '866.763', '1171.756', '1.415', '800', '3.024', '23.518', '28.538', '563.874', '1578.198', '589.71', '5182.655', '986.538', '1578.198', '1017.321', '174.465', '5182.655', '168.783', '1.051', '1016.545', '522.09', '163.874', '1578.198', '189.714', '5282.656', '0.004', '0.001', '210.783', '123', '95', '2', '0', '15', '0', '1', '1', '1', '2', '1500.02', '5182.86', '500', '600', '300', '115', '15', '18', '10', '5', '10', '5', '1', '1', '1', '1', '1', '1017.321', '0', '1500', '1020', '500', '0', '0', '1', '8', '0', '0', '0', '1', '0', '0', '0', '0', '3138.539', '411.275', '101.211', '0', '389.71', '5182.655', '68.783', '168.783', '0.392', '1.051', null, '0', '海澜集团公司', '22.35', '中国远东国际贸易有限公司', '山西信托投资有限公司', '2.36', '4.31', '2.22', '中银同盛证券投资基金', '红杉集团', '1.15', '2010年有重大技术突破，获得国家专利。2011年公司与英利绿色能源控股有限公司（中国新能源企业30强）达成战略伙伴，实现技术共享。2012年海澜集团收购宏晟光电30%股份（太阳能电池生产商）', '2', '0', '123', null, '1', null);
INSERT INTO `attributeh` VALUES ('12', '60', '2578', '1171.756', '5182.656', '786.538', '1058.572', '866.763', '152', '713.259', '500', '800', '800', '500', '260.342', '3138.539', '1017.321', '2', '0', '5182.655', '5182.655', '249.377', '866.763', '1171.756', '1.415', '800', '3.024', '23.518', '28.538', '563.874', '1578.198', '589.71', '5182.655', '986.538', '1578.198', '1017.321', '174.465', '5182.655', '168.783', '1.051', '1016.545', '522.09', '163.874', '1578.198', '189.714', '5282.656', '0.004', '0.001', '210.783', '123', '95', '2', '0', '15', '0', '1', '1', '1', '2', '1500.02', '5182.86', '500', '600', '300', '115', '15', '18', '10', '5', '10', '5', '1', '1', '1', '1', '1', '1017.321', '0', '1500', '1020', '500', '0', '0', '1', '8', '0', '0', '0', '1', '0', '0', '0', '0', '3138.539', '411.275', '101.211', '0', '389.71', '5182.655', '68.783', '168.783', '0.392', '1.051', null, '0', '海澜集团公司', '22.35', '中国远东国际贸易有限公司', '山西信托投资有限公司', '2.36', '4.31', '2.22', '中银同盛证券投资基金', '红杉集团', '1.15', '2010年有重大技术突破，获得国家专利。2011年公司与英利绿色能源控股有限公司（中国新能源企业30强）达成战略伙伴，实现技术共享。2012年海澜集团收购宏晟光电30%股份（太阳能电池生产商）', '2', '0', '123', null, '1', null);
INSERT INTO `attributeh` VALUES ('13', '60', '2578', '1171.756', '5182.656', '786.538', '1058.572', '866.763', '152', '713.259', '500', '800', '800', '500', '260.342', '3138.539', '1017.321', '2', '0', '5182.655', '5182.655', '249.377', '866.763', '1171.756', '1.415', '800', '3.024', '23.518', '28.538', '563.874', '1578.198', '589.71', '5182.655', '986.538', '1578.198', '1017.321', '174.465', '5182.655', '168.783', '1.051', '1016.545', '522.09', '163.874', '1578.198', '189.714', '5282.656', '0.004', '0.001', '210.783', '123', '95', '2', '0', '15', '0', '1', '1', '1', '2', '1500.02', '5182.86', '500', '600', '300', '115', '15', '18', '10', '5', '10', '5', '1', '1', '1', '1', '1', '1017.321', '0', '1500', '1020', '500', '0', '0', '1', '8', '0', '0', '0', '1', '0', '0', '0', '0', '3138.539', '411.275', '101.211', '0', '389.71', '5182.655', '68.783', '168.783', '0.392', '1.051', null, '0', '海澜集团公司', '22.35', '中国远东国际贸易有限公司', '山西信托投资有限公司', '2.36', '4.31', '2.22', '中银同盛证券投资基金', '红杉集团', '1.15', '2010年有重大技术突破，获得国家专利。2011年公司与英利绿色能源控股有限公司（中国新能源企业30强）达成战略伙伴，实现技术共享。2012年海澜集团收购宏晟光电30%股份（太阳能电池生产商）', '2', '0', '123', null, '1', null);
INSERT INTO `attributeh` VALUES ('14', '60', '2578', '1171.756', '5182.656', '786.538', '1058.572', '866.763', '152', '713.259', '500', '800', '800', '500', '260.342', '3138.539', '1017.321', '2', '0', '5182.655', '5182.655', '249.377', '866.763', '1171.756', '1.415', '800', '3.024', '23.518', '28.538', '563.874', '1578.198', '589.71', '5182.655', '986.538', '1578.198', '1017.321', '174.465', '5182.655', '168.783', '1.051', '1016.545', '522.09', '163.874', '1578.198', '189.714', '5282.656', '0.004', '0.001', '210.783', '123', '95', '2', '0', '15', '0', '1', '1', '1', '2', '1500.02', '5182.86', '500', '600', '300', '115', '15', '18', '10', '5', '10', '5', '1', '1', '1', '1', '1', '1017.321', '0', '1500', '1020', '500', '0', '0', '1', '8', '0', '0', '0', '1', '0', '0', '0', '0', '3138.539', '411.275', '101.211', '0', '389.71', '5182.655', '68.783', '168.783', '0.392', '1.051', null, '0', '海澜集团公司', '22.35', '中国远东国际贸易有限公司', '山西信托投资有限公司', '2.36', '4.31', '2.22', '中银同盛证券投资基金', '红杉集团', '1.15', '2010年有重大技术突破，获得国家专利。2011年公司与英利绿色能源控股有限公司（中国新能源企业30强）达成战略伙伴，实现技术共享。2012年海澜集团收购宏晟光电30%股份（太阳能电池生产商）', '2', '0', '123', null, '1', null);
INSERT INTO `attributeh` VALUES ('15', '60', '2578', '1171.756', '5182.656', '786.538', '1058.572', '866.763', '152', '713.259', '500', '800', '800', '500', '260.342', '3138.539', '1017.321', '2', '0', '5182.655', '5182.655', '249.377', '866.763', '1171.756', '1.415', '800', '3.024', '23.518', '28.538', '563.874', '1578.198', '589.71', '5182.655', '986.538', '1578.198', '1017.321', '174.465', '5182.655', '168.783', '1.051', '1016.545', '522.09', '163.874', '1578.198', '189.714', '5282.656', '0.004', '0.001', '210.783', '123', '95', '2', '0', '15', '0', '1', '1', '1', '2', '1500.02', '5182.86', '500', '600', '300', '115', '15', '18', '10', '5', '10', '5', '1', '1', '1', '1', '1', '1017.321', '0', '1500', '1020', '500', '0', '0', '1', '8', '0', '0', '0', '1', '0', '0', '0', '0', '3138.539', '411.275', '101.211', '0', '389.71', '5182.655', '68.783', '168.783', '0.392', '1.051', null, '0', '海澜集团公司', '22.35', '中国远东国际贸易有限公司', '山西信托投资有限公司', '2.36', '4.31', '2.22', '中银同盛证券投资基金', '红杉集团', '1.15', '2010年有重大技术突破，获得国家专利。2011年公司与英利绿色能源控股有限公司（中国新能源企业30强）达成战略伙伴，实现技术共享。2012年海澜集团收购宏晟光电30%股份（太阳能电池生产商）', '2', '0', '123', null, '1', null);
INSERT INTO `attributeh` VALUES ('16', '60', '2578', '1171.756', '5182.656', '786.538', '1058.572', '866.763', '152', '713.259', '500', '800', '800', '500', '260.342', '3138.539', '1017.321', '2', '0', '5182.655', '5182.655', '249.377', '866.763', '1171.756', '1.415', '800', '3.024', '23.518', '28.538', '563.874', '1578.198', '589.71', '5182.655', '986.538', '1578.198', '1017.321', '174.465', '5182.655', '168.783', '1.051', '1016.545', '522.09', '163.874', '1578.198', '189.714', '5282.656', '0.004', '0.001', '210.783', '123', '95', '2', '0', '15', '0', '1', '1', '1', '2', '1500.02', '5182.86', '500', '600', '300', '115', '15', '18', '10', '5', '10', '5', '1', '1', '1', '1', '1', '1017.321', '0', '1500', '1020', '500', '0', '0', '1', '8', '0', '0', '0', '1', '0', '0', '0', '0', '3138.539', '411.275', '101.211', '0', '389.71', '5182.655', '68.783', '168.783', '0.392', '1.051', null, '0', '海澜集团公司', '22.35', '中国远东国际贸易有限公司', '山西信托投资有限公司', '2.36', '4.31', '2.22', '中银同盛证券投资基金', '红杉集团', '1.15', '2010年有重大技术突破，获得国家专利。2011年公司与英利绿色能源控股有限公司（中国新能源企业30强）达成战略伙伴，实现技术共享。2012年海澜集团收购宏晟光电30%股份（太阳能电池生产商）', '2', '0', '123', null, '1', null);
INSERT INTO `attributeh` VALUES ('17', '60', '2578', '1171.756', '5182.656', '786.538', '1058.572', '866.763', '152', '713.259', '500', '800', '800', '500', '260.342', '3138.539', '1017.321', '2', '0', '5182.655', '5182.655', '249.377', '866.763', '1171.756', '1.415', '800', '3.024', '23.518', '28.538', '563.874', '1578.198', '589.71', '5182.655', '986.538', '1578.198', '1017.321', '174.465', '5182.655', '168.783', '1.051', '1016.545', '522.09', '163.874', '1578.198', '189.714', '5282.656', '0.004', '0.001', '210.783', '123', '95', '2', '0', '15', '0', '1', '1', '1', '2', '1500.02', '5182.86', '500', '600', '300', '115', '15', '18', '10', '5', '10', '5', '1', '1', '1', '1', '1', '1017.321', '0', '1500', '1020', '500', '0', '0', '1', '8', '0', '0', '0', '1', '0', '0', '0', '0', '3138.539', '411.275', '101.211', '0', '389.71', '5182.655', '68.783', '168.783', '0.392', '1.051', null, '0', '海澜集团公司', '22.35', '中国远东国际贸易有限公司', '山西信托投资有限公司', '2.36', '4.31', '2.22', '中银同盛证券投资基金', '红杉集团', '1.15', '2010年有重大技术突破，获得国家专利。2011年公司与英利绿色能源控股有限公司（中国新能源企业30强）达成战略伙伴，实现技术共享。2012年海澜集团收购宏晟光电30%股份（太阳能电池生产商）', '2', '0', '123', null, '1', null);
INSERT INTO `attributeh` VALUES ('18', '60', '2578', '1171.756', '5182.656', '786.538', '1058.572', '866.763', '152', '713.259', '500', '800', '800', '500', '260.342', '3138.539', '1017.321', '2', '0', '5182.655', '5182.655', '249.377', '866.763', '1171.756', '1.415', '800', '3.024', '23.518', '28.538', '563.874', '1578.198', '589.71', '5182.655', '986.538', '1578.198', '1017.321', '174.465', '5182.655', '168.783', '1.051', '1016.545', '522.09', '163.874', '1578.198', '189.714', '5282.656', '0.004', '0.001', '210.783', '123', '95', '2', '0', '15', '0', '1', '1', '1', '2', '1500.02', '5182.86', '500', '600', '300', '115', '15', '18', '10', '5', '10', '5', '1', '1', '1', '1', '1', '1017.321', '0', '1500', '1020', '500', '0', '0', '1', '8', '0', '0', '0', '1', '0', '0', '0', '0', '3138.539', '411.275', '101.211', '0', '389.71', '5182.655', '68.783', '168.783', '0.392', '1.051', null, '0', '海澜集团公司', '22.35', '中国远东国际贸易有限公司', '山西信托投资有限公司', '2.36', '4.31', '2.22', '中银同盛证券投资基金', '红杉集团', '1.15', '2010年有重大技术突破，获得国家专利。2011年公司与英利绿色能源控股有限公司（中国新能源企业30强）达成战略伙伴，实现技术共享。2012年海澜集团收购宏晟光电30%股份（太阳能电池生产商）', '2', '0', '123', null, '1', null);
INSERT INTO `attributeh` VALUES ('19', '60', '2578', '1171.756', '5182.656', '786.538', '1058.572', '866.763', '152', '713.259', '500', '800', '800', '500', '260.342', '3138.539', '1017.321', '2', '0', '5182.655', '5182.655', '249.377', '866.763', '1171.756', '1.415', '800', '3.024', '23.518', '28.538', '563.874', '1578.198', '589.71', '5182.655', '986.538', '1578.198', '1017.321', '174.465', '5182.655', '168.783', '1.051', '1016.545', '522.09', '163.874', '1578.198', '189.714', '5282.656', '0.004', '0.001', '210.783', '123', '95', '2', '0', '15', '0', '1', '1', '1', '2', '1500.02', '5182.86', '500', '600', '300', '115', '15', '18', '10', '5', '10', '5', '1', '1', '1', '1', '1', '1017.321', '0', '1500', '1020', '500', '0', '0', '1', '8', '0', '0', '0', '1', '0', '0', '0', '0', '3138.539', '411.275', '101.211', '0', '389.71', '5182.655', '68.783', '168.783', '0.392', '1.051', null, '0', '海澜集团公司', '22.35', '中国远东国际贸易有限公司', '山西信托投资有限公司', '2.36', '4.31', '2.22', '中银同盛证券投资基金', '红杉集团', '1.15', '2010年有重大技术突破，获得国家专利。2011年公司与英利绿色能源控股有限公司（中国新能源企业30强）达成战略伙伴，实现技术共享。2012年海澜集团收购宏晟光电30%股份（太阳能电池生产商）', '2', '0', '123', null, '1', null);
INSERT INTO `attributeh` VALUES ('20', '60', '2578', '1171.756', '5182.656', '786.538', '1058.572', '866.763', '152', '713.259', '500', '800', '800', '500', '260.342', '3138.539', '1017.321', '2', '0', '5182.655', '5182.655', '249.377', '866.763', '1171.756', '1.415', '800', '3.024', '23.518', '28.538', '563.874', '1578.198', '589.71', '5182.655', '986.538', '1578.198', '1017.321', '174.465', '5182.655', '168.783', '1.051', '1016.545', '522.09', '163.874', '1578.198', '189.714', '5282.656', '0.004', '0.001', '210.783', '123', '95', '2', '0', '15', '0', '1', '1', '1', '2', '1500.02', '5182.86', '500', '600', '300', '115', '15', '18', '10', '5', '10', '5', '1', '1', '1', '1', '1', '1017.321', '0', '1500', '1020', '500', '0', '0', '1', '8', '0', '0', '0', '1', '0', '0', '0', '0', '3138.539', '411.275', '101.211', '0', '389.71', '5182.655', '68.783', '168.783', '0.392', '1.051', null, '0', '海澜集团公司', '22.35', '中国远东国际贸易有限公司', '山西信托投资有限公司', '2.36', '4.31', '2.22', '中银同盛证券投资基金', '红杉集团', '1.15', '2010年有重大技术突破，获得国家专利。2011年公司与英利绿色能源控股有限公司（中国新能源企业30强）达成战略伙伴，实现技术共享。2012年海澜集团收购宏晟光电30%股份（太阳能电池生产商）', '2', '0', '123', null, '1', null);
INSERT INTO `attributeh` VALUES ('21', '60', '2578', '1171.756', '5182.656', '786.538', '1058.572', '866.763', '152', '713.259', '500', '800', '800', '500', '260.342', '3138.539', '1017.321', '2', '0', '5182.655', '5182.655', '249.377', '866.763', '1171.756', '1.415', '800', '3.024', '23.518', '28.538', '563.874', '1578.198', '589.71', '5182.655', '986.538', '1578.198', '1017.321', '174.465', '5182.655', '168.783', '1.051', '1016.545', '522.09', '163.874', '1578.198', '189.714', '5282.656', '0.004', '0.001', '210.783', '123', '95', '2', '0', '15', '0', '1', '1', '1', '2', '1500.02', '5182.86', '500', '600', '300', '115', '15', '18', '10', '5', '10', '5', '1', '1', '1', '1', '1', '1017.321', '0', '1500', '1020', '500', '0', '0', '1', '8', '0', '0', '0', '1', '0', '0', '0', '0', '3138.539', '411.275', '101.211', '0', '389.71', '5182.655', '68.783', '168.783', '0.392', '1.051', null, '0', '海澜集团公司', '22.35', '中国远东国际贸易有限公司', '山西信托投资有限公司', '2.36', '4.31', '2.22', '中银同盛证券投资基金', '红杉集团', '1.15', '2010年有重大技术突破，获得国家专利。2011年公司与英利绿色能源控股有限公司（中国新能源企业30强）达成战略伙伴，实现技术共享。2012年海澜集团收购宏晟光电30%股份（太阳能电池生产商）', '2', '0', '123', '2013', '0', '35');
INSERT INTO `attributeh` VALUES ('22', '60', '2578', '1171.756', '5182.656', '786.538', '1058.572', '866.763', '152', '713.259', '500', '800', '800', '500', '260.342', '3138.539', '1017.321', '2', '0', '5182.655', '5182.655', '249.377', '866.763', '1171.756', '1.415', '800', '3.024', '23.518', '28.538', '563.874', '1578.198', '589.71', '5182.655', '986.538', '1578.198', '1017.321', '174.465', '5182.655', '168.783', '1.051', '1016.545', '522.09', '163.874', '1578.198', '189.714', '5282.656', '0.004', '0.001', '210.783', '123', '95', '2', '0', '15', '0', '1', '1', '1', '2', '1500.02', '5182.86', '500', '600', '300', '115', '15', '18', '10', '5', '10', '5', '1', '1', '1', '1', '1', '1017.321', '0', '1500', '1020', '500', '0', '0', '1', '8', '0', '0', '0', '1', '0', '0', '0', '0', '3138.539', '411.275', '101.211', '0', '389.71', '5182.655', '68.783', '168.783', '0.392', '1.051', null, '0', '海澜集团公司', '22.35', '中国远东国际贸易有限公司', '山西信托投资有限公司', '2.36', '4.31', '2.22', '中银同盛证券投资基金', '红杉集团', '1.15', '2010年有重大技术突破，获得国家专利。2011年公司与英利绿色能源控股有限公司（中国新能源企业30强）达成战略伙伴，实现技术共享。2012年海澜集团收购宏晟光电30%股份（太阳能电池生产商）', '2', '0', '123', '2013', '0', '28');
INSERT INTO `attributeh` VALUES ('23', '60', '2578', '1171.756', '5182.656', '786.538', '1058.572', '866.763', '152', '713.259', '500', '800', '800', '500', '260.342', '3138.539', '1017.321', '2', '0', '5182.655', '5182.655', '249.377', '866.763', '1171.756', '1.415', '800', '3.024', '23.518', '28.538', '563.874', '1578.198', '589.71', '5182.655', '986.538', '1578.198', '1017.321', '174.465', '5182.655', '168.783', '1.051', '1016.545', '522.09', '163.874', '1578.198', '189.714', '5282.656', '0.004', '0.001', '210.783', '123', '95', '2', '0', '15', '0', '1', '1', '1', '2', '1500.02', '5182.86', '500', '600', '300', '115', '15', '18', '10', '5', '10', '5', '1', '1', '1', '1', '1', '1017.321', '0', '1500', '1020', '500', '0', '0', '1', '8', '0', '0', '0', '1', '0', '0', '0', '0', '3138.539', '411.275', '101.211', '0', '389.71', '5182.655', '68.783', '168.783', '0.392', '1.051', null, '0', '海澜集团公司', '22.35', '中国远东国际贸易有限公司', '山西信托投资有限公司', '2.36', '4.31', '2.22', '中银同盛证券投资基金', '红杉集团', '1.15', '2010年有重大技术突破，获得国家专利。2011年公司与英利绿色能源控股有限公司（中国新能源企业30强）达成战略伙伴，实现技术共享。2012年海澜集团收购宏晟光电30%股份（太阳能电池生产商）', '2', '0', '123', '2013', '0', '25');

-- ----------------------------
-- Table structure for `enterprise_info`
-- ----------------------------
DROP TABLE IF EXISTS `enterprise_info`;
CREATE TABLE `enterprise_info` (
  `id` int(8) NOT NULL AUTO_INCREMENT,
  `EPName` varchar(32) NOT NULL COMMENT '企业名称',
  `OrgNo` varchar(16) NOT NULL COMMENT '机构代码',
  `Username` varchar(16) NOT NULL COMMENT '企业账号',
  `Address` varchar(100) NOT NULL COMMENT '企业地址',
  `Postcode` varchar(8) NOT NULL COMMENT '邮政编号',
  `RegistAddress` varchar(100) NOT NULL COMMENT '注册地址',
  `RegistMoney` double(10,0) NOT NULL COMMENT '注册资金',
  `Contacts` varchar(16) NOT NULL COMMENT '企业联系人',
  `ContactPhone` varchar(32) NOT NULL COMMENT '联系人电话',
  `ContactEmail` varchar(32) NOT NULL COMMENT '联系人邮箱',
  `LegalPerson` varchar(32) NOT NULL COMMENT '企业法人代表',
  `LegalPhone` varchar(32) NOT NULL COMMENT '法人代表电话',
  `LegalEmail` varchar(32) NOT NULL COMMENT '法人代表邮箱',
  `Area` int(8) NOT NULL COMMENT '企业所属地区',
  `Profession` int(8) NOT NULL COMMENT '企业所属行业',
  `Property` int(8) NOT NULL COMMENT '企业所属性质',
  `Charac` int(8) DEFAULT NULL COMMENT '企业所属特性',
  `Staff` varchar(8) NOT NULL COMMENT '企业员工总数',
  `ColleageStaff` varchar(8) NOT NULL COMMENT '大专及以上毕业生的员工数',
  `TechnicalStaff` varchar(8) NOT NULL COMMENT '技术人员数量',
  `ManageStaff` varchar(8) NOT NULL COMMENT '管理人员数量',
  `Stage` int(8) NOT NULL COMMENT '生命周期1:初创期   2:发展期  3：稳定期',
  `IsHeavyIndustry` tinyint(1) unsigned NOT NULL DEFAULT '0' COMMENT '是否为重工业',
  `OtherProperty` varchar(100) DEFAULT NULL COMMENT '其他企业性质',
  `OtherCharac` varchar(100) DEFAULT NULL COMMENT '其他企业特性',
  `CreateTime` varchar(32) DEFAULT NULL COMMENT '创建时间',
  `DeleteFlag` int(1) DEFAULT '0' COMMENT '删除标志0：正常；1：删除',
  `License` varchar(32) DEFAULT NULL,
  `Tax` varchar(32) DEFAULT NULL,
  `OrgNoUrl` varchar(200) DEFAULT NULL,
  `TaxUrl` varchar(200) DEFAULT NULL,
  `LicenseUrl` varchar(200) DEFAULT NULL,
  PRIMARY KEY (`id`)
) ENGINE=InnoDB AUTO_INCREMENT=63 DEFAULT CHARSET=utf8 ROW_FORMAT=COMPACT;

-- ----------------------------
-- Records of enterprise_info
-- ----------------------------
INSERT INTO `enterprise_info` VALUES ('60', '高新企业', '11111111-1', 'admin', '山东省济宁市', '272100', '山东省济宁市', '1000', '赵延勇', '11111111111', '111@11.com', '赵延勇', '11111111111', '11111@111.com', '7', '20', '40', null, '2000', '1222', '800', '2111', '3', '0', '', '', '2014-12-11 14:04:18', '0', '', '', '', '', '');
INSERT INTO `enterprise_info` VALUES ('61', '高兴', 'AAAAAAAA-X', 'epinfo', '北京天翼大厦', 'sdafsdf', '北京', '22222', '奥洛菲', '2333333', 'alo@err.com', '王龙', '13456789065', 'dd@qw.com', '1', '20', '40', null, '22', '22', '2', '222', '1', '0', null, null, '2014-12-12 10:05:42', '0', 'ddasdfds', 'sdfsafs', '1418349942836org万里哥.gif', '1418349942836tax3157924_201308281736450587.jpg', '1418349942836lic20811295_3.png');
INSERT INTO `enterprise_info` VALUES ('62', 'ddd', 'AAAAAAAA-X', 'stven', '北京天翼大厦', '272100', '北京', '22222', '奥洛菲', '22222222', 'alo@err.com', '王龙', '13456789065', 'dd@qw.com', '16', '29', '40', null, '44', '44', '44', '44', '2', '0', null, null, '2014-12-13 19:22:09', '0', 'ddasdfds', 'sdfsafs', '1418469729947orgicon42.png', '1418469729947taxicon35.png', '1418469729947licicon40.png');

-- ----------------------------
-- Table structure for `loginfo`
-- ----------------------------
DROP TABLE IF EXISTS `loginfo`;
CREATE TABLE `loginfo` (
  `LogId` int(11) NOT NULL AUTO_INCREMENT,
  `Opreation` varchar(100) DEFAULT NULL,
  `UserName` varchar(32) DEFAULT NULL,
  `OpreationDate` varchar(32) DEFAULT NULL,
  PRIMARY KEY (`LogId`)
) ENGINE=InnoDB AUTO_INCREMENT=121 DEFAULT CHARSET=utf8 ROW_FORMAT=COMPACT;

-- ----------------------------
-- Records of loginfo
-- ----------------------------
INSERT INTO `loginfo` VALUES ('46', '账号：admin，注册成功', '游客', '2014-12-11 14:04:18');
INSERT INTO `loginfo` VALUES ('47', '账号：admin，登录成功', 'admin', '2014-12-11 14:04:43');
INSERT INTO `loginfo` VALUES ('48', '账号：admin，登录成功', 'admin', '2014-12-11 14:45:06');
INSERT INTO `loginfo` VALUES ('49', '账号：admin，登录成功', 'admin', '2014-12-11 15:14:13');
INSERT INTO `loginfo` VALUES ('50', '账号：admin，登录成功', 'admin', '2014-12-11 17:48:03');
INSERT INTO `loginfo` VALUES ('51', '账号：admin，登录成功', 'admin', '2014-12-11 19:37:08');
INSERT INTO `loginfo` VALUES ('52', '账号：admin，登录成功', 'admin', '2014-12-11 22:16:13');
INSERT INTO `loginfo` VALUES ('53', '账号：admin，登录成功', 'admin', '2014-12-11 22:36:53');
INSERT INTO `loginfo` VALUES ('54', '账号：admin，登录成功', 'admin', '2014-12-11 22:42:56');
INSERT INTO `loginfo` VALUES ('55', '账号：admin，登录成功', 'admin', '2014-12-11 22:45:18');
INSERT INTO `loginfo` VALUES ('56', '账号：admin，登录成功', 'admin', '2014-12-11 22:47:46');
INSERT INTO `loginfo` VALUES ('57', '账号：admin，登录成功', 'admin', '2014-12-11 23:04:44');
INSERT INTO `loginfo` VALUES ('58', '账号：admin，登录成功', 'admin', '2014-12-11 23:08:39');
INSERT INTO `loginfo` VALUES ('59', '账号：admin，登录成功', 'admin', '2014-12-11 23:09:54');
INSERT INTO `loginfo` VALUES ('60', '账号：admin，登录成功', 'admin', '2014-12-11 23:12:31');
INSERT INTO `loginfo` VALUES ('61', '账号：epinfo，注册成功', '游客', '2014-12-12 10:05:43');
INSERT INTO `loginfo` VALUES ('62', '账号：admin，登录成功', 'admin', '2014-12-12 11:12:20');
INSERT INTO `loginfo` VALUES ('63', '账号：admin，登录成功', 'admin', '2014-12-12 11:15:42');
INSERT INTO `loginfo` VALUES ('64', '账号：admin，登录成功', 'admin', '2014-12-12 11:18:40');
INSERT INTO `loginfo` VALUES ('65', '账号：admin，登录成功', 'admin', '2014-12-12 11:45:42');
INSERT INTO `loginfo` VALUES ('66', '账号：epinfo，登录成功', 'epinfo', '2014-12-12 12:02:22');
INSERT INTO `loginfo` VALUES ('67', '账号：admin，登录成功', 'admin', '2014-12-12 12:52:23');
INSERT INTO `loginfo` VALUES ('68', '账号：admin，登录成功', 'admin', '2014-12-12 14:16:21');
INSERT INTO `loginfo` VALUES ('69', '账号：admin，登录成功', 'admin', '2014-12-12 14:22:17');
INSERT INTO `loginfo` VALUES ('70', '账号：admin，登录成功', 'admin', '2014-12-12 14:26:51');
INSERT INTO `loginfo` VALUES ('71', '账号：admin，登录成功', 'admin', '2014-12-12 14:34:11');
INSERT INTO `loginfo` VALUES ('72', '账号：admin，登录成功', 'admin', '2014-12-12 15:14:04');
INSERT INTO `loginfo` VALUES ('73', '账号：admin，登录成功', 'admin', '2014-12-12 15:16:18');
INSERT INTO `loginfo` VALUES ('74', '账号：admin，登录成功', 'admin', '2014-12-12 15:26:37');
INSERT INTO `loginfo` VALUES ('75', '账号：admin，登录成功', 'admin', '2014-12-12 15:37:19');
INSERT INTO `loginfo` VALUES ('76', '账号：epinfo，登录成功', 'epinfo', '2014-12-12 15:50:13');
INSERT INTO `loginfo` VALUES ('77', '账号：admin，登录成功', 'admin', '2014-12-12 16:39:14');
INSERT INTO `loginfo` VALUES ('78', '账号：admin，登录成功', 'admin', '2014-12-12 16:40:05');
INSERT INTO `loginfo` VALUES ('79', '账号：admin，登录成功', 'admin', '2014-12-12 16:42:46');
INSERT INTO `loginfo` VALUES ('80', '账号：admin，登录成功', 'admin', '2014-12-12 16:46:25');
INSERT INTO `loginfo` VALUES ('81', '账号：admin，登录成功', 'admin', '2014-12-12 16:48:29');
INSERT INTO `loginfo` VALUES ('82', '账号：admin，登录成功', 'admin', '2014-12-12 16:54:40');
INSERT INTO `loginfo` VALUES ('83', '账号：admin，登录成功', 'admin', '2014-12-12 17:18:14');
INSERT INTO `loginfo` VALUES ('84', '账号：admin，登录成功', 'admin', '2014-12-12 17:20:56');
INSERT INTO `loginfo` VALUES ('85', '账号：admin，登录成功', 'admin', '2014-12-12 17:36:47');
INSERT INTO `loginfo` VALUES ('86', '账号：admin，登录成功', 'admin', '2014-12-12 19:12:46');
INSERT INTO `loginfo` VALUES ('87', '账号：admin，登录成功', 'admin', '2014-12-12 19:15:10');
INSERT INTO `loginfo` VALUES ('88', '账号：admin，登录成功', 'admin', '2014-12-13 10:28:39');
INSERT INTO `loginfo` VALUES ('89', '账号：admin，登录成功', 'admin', '2014-12-13 10:36:30');
INSERT INTO `loginfo` VALUES ('90', '账号：admin，登录成功', 'admin', '2014-12-13 10:51:16');
INSERT INTO `loginfo` VALUES ('91', '账号：admin，登录成功', 'admin', '2014-12-13 11:29:06');
INSERT INTO `loginfo` VALUES ('92', '账号：admin，登录成功', 'admin', '2014-12-13 11:37:47');
INSERT INTO `loginfo` VALUES ('93', '账号：admin，登录成功', 'admin', '2014-12-13 13:42:47');
INSERT INTO `loginfo` VALUES ('94', '账号：admin，登录成功', 'admin', '2014-12-13 14:34:45');
INSERT INTO `loginfo` VALUES ('95', '账号：admin，登录成功', 'admin', '2014-12-13 14:36:18');
INSERT INTO `loginfo` VALUES ('96', '账号：admin，登录成功', 'admin', '2014-12-13 15:06:12');
INSERT INTO `loginfo` VALUES ('97', '账号：admin，登录成功', 'admin', '2014-12-13 15:30:36');
INSERT INTO `loginfo` VALUES ('98', '账号：admin，登录成功', 'admin', '2014-12-13 16:48:48');
INSERT INTO `loginfo` VALUES ('99', '账号：admin，登录成功', 'admin', '2014-12-13 16:53:36');
INSERT INTO `loginfo` VALUES ('100', '账号：admin，登录成功', 'admin', '2014-12-13 16:57:32');
INSERT INTO `loginfo` VALUES ('101', '账号：epinfo，登录成功', 'epinfo', '2014-12-13 17:18:54');
INSERT INTO `loginfo` VALUES ('102', '账号：admin，登录成功', 'admin', '2014-12-13 17:29:09');
INSERT INTO `loginfo` VALUES ('103', '账号：admin，登录成功', 'admin', '2014-12-13 17:50:41');
INSERT INTO `loginfo` VALUES ('104', '账号：admin，登录成功', 'admin', '2014-12-13 18:50:46');
INSERT INTO `loginfo` VALUES ('105', '账号：stven，注册成功', '游客', '2014-12-13 19:22:10');
INSERT INTO `loginfo` VALUES ('106', '账号：admin，登录成功', 'admin', '2014-12-13 19:32:23');
INSERT INTO `loginfo` VALUES ('107', '账号：admin，登录成功', 'admin', '2014-12-13 20:21:18');
INSERT INTO `loginfo` VALUES ('108', '账号：admin，登录成功', 'admin', '2014-12-13 20:38:18');
INSERT INTO `loginfo` VALUES ('109', '账号：admin，登录成功', 'admin', '2014-12-13 20:54:15');
INSERT INTO `loginfo` VALUES ('110', '账号：admin，登录成功', 'admin', '2014-12-13 21:21:14');
INSERT INTO `loginfo` VALUES ('111', '账号：admin，登录成功', 'admin', '2014-12-13 21:33:33');
INSERT INTO `loginfo` VALUES ('112', '账号：admin，登录成功', 'admin', '2014-12-13 21:37:12');
INSERT INTO `loginfo` VALUES ('113', '账号：admin，登录成功', 'admin', '2014-12-13 21:40:16');
INSERT INTO `loginfo` VALUES ('114', '账号：admin，登录成功', 'admin', '2014-12-13 21:55:40');
INSERT INTO `loginfo` VALUES ('115', '账号：admin，登录成功', 'admin', '2014-12-13 22:03:05');
INSERT INTO `loginfo` VALUES ('116', '账号：admin，登录成功', 'admin', '2014-12-13 22:05:59');
INSERT INTO `loginfo` VALUES ('117', '账号：admin，登录成功', 'admin', '2014-12-13 22:13:37');
INSERT INTO `loginfo` VALUES ('118', '账号：admin，登录成功', 'admin', '2014-12-14 10:34:13');
INSERT INTO `loginfo` VALUES ('119', '账号：admin，登录成功', 'admin', '2014-12-09 11:25:58');
INSERT INTO `loginfo` VALUES ('120', '账号：admin，登录成功', 'admin', '2014-12-09 11:30:49');

-- ----------------------------
-- Table structure for `rights`
-- ----------------------------
DROP TABLE IF EXISTS `rights`;
CREATE TABLE `rights` (
  `RightsId` int(11) NOT NULL AUTO_INCREMENT COMMENT 'Ȩ',
  `RightsName` varchar(64) DEFAULT NULL COMMENT 'Ȩ',
  `RightsUrl` varchar(128) DEFAULT NULL,
  `CreateTime` varchar(32) DEFAULT NULL,
  `IsDelete` tinyint(1) DEFAULT NULL COMMENT 'ɾ',
  PRIMARY KEY (`RightsId`)
) ENGINE=InnoDB AUTO_INCREMENT=22 DEFAULT CHARSET=utf8 ROW_FORMAT=COMPACT COMMENT='Ȩ';

-- ----------------------------
-- Records of rights
-- ----------------------------
INSERT INTO `rights` VALUES ('1', '企业信息查询<企业信用>', 'qyxxcx', '2014-12-11', '0');
INSERT INTO `rights` VALUES ('2', '企业信息录入<企业信用>', 'qyxxlr', '2014-12-11', '0');
INSERT INTO `rights` VALUES ('3', '政府公开信息查询<企业信用>', 'zfgkxxcx', '2014-12-11', '0');
INSERT INTO `rights` VALUES ('4', '政府公开信息录入<企业信用>', 'zfgkxxlr', '2014-12-11', '0');
INSERT INTO `rights` VALUES ('5', '生产经营信息查询<企业信用>', 'scjyxxcx', '2014-12-11', '0');
INSERT INTO `rights` VALUES ('6', '生产经营信息录入<企业信用>', 'scjyxxlr', '2014-12-11', '0');
INSERT INTO `rights` VALUES ('7', '财务管理信息查询<企业信用>', 'cwglxxcx', '2014-12-11', '0');
INSERT INTO `rights` VALUES ('8', '财务管理信息录入<企业信用>', 'cwglxxlr', '2014-12-11', '0');
INSERT INTO `rights` VALUES ('9', '投融资信息查询<企业信用>', 'trzxxcx', '2014-12-11', '0');
INSERT INTO `rights` VALUES ('10', '投融资信息录入<企业信用>', 'trzxxlr', '2014-12-11', '0');
INSERT INTO `rights` VALUES ('11', '企业文化信息查询<企业信用>', 'qywhxxcx', '2014-12-11', '0');
INSERT INTO `rights` VALUES ('12', '企业文化信息录入<企业信用>', 'qywhxxlr', '2014-12-11', '0');
INSERT INTO `rights` VALUES ('13', '社会公众信息查询<企业信用>', 'shgzxxcx', '2014-12-11', '0');
INSERT INTO `rights` VALUES ('14', '社会公众信息录入<企业信用>', 'shgzxxlr', '2014-12-11', '0');
INSERT INTO `rights` VALUES ('15', '定量数据查看<数据分析>', 'dlsjck', '2014-12-11', '0');
INSERT INTO `rights` VALUES ('16', '定性数据查看<数据分析>', 'dxsjck', '2014-12-11', '0');
INSERT INTO `rights` VALUES ('17', '评定介绍<信用评定>', 'pdjs', '2014-12-11', '0');
INSERT INTO `rights` VALUES ('18', '评定查询<信用评定>', 'pkcx', '2014-12-11', '0');
INSERT INTO `rights` VALUES ('19', '用户列表<系统设置>', 'yhlb', '2014-12-11', '0');
INSERT INTO `rights` VALUES ('20', '角色列表<系统设置>', 'jslb', '2014-12-11', '0');
INSERT INTO `rights` VALUES ('21', '日志列表<系统设置>', 'rzlb', '2014-12-11', '0');

-- ----------------------------
-- Table structure for `role`
-- ----------------------------
DROP TABLE IF EXISTS `role`;
CREATE TABLE `role` (
  `RoleId` int(11) NOT NULL AUTO_INCREMENT,
  `RoleName` varchar(64) DEFAULT NULL,
  `Remark` varchar(256) DEFAULT NULL,
  `CreateTime` varchar(32) DEFAULT NULL,
  `IsDelete` tinyint(1) DEFAULT NULL COMMENT 'ɾ',
  PRIMARY KEY (`RoleId`)
) ENGINE=InnoDB AUTO_INCREMENT=4 DEFAULT CHARSET=utf8 ROW_FORMAT=COMPACT;

-- ----------------------------
-- Records of role
-- ----------------------------
INSERT INTO `role` VALUES ('1', '管理员', '管理员', '2014-12-11', '0');
INSERT INTO `role` VALUES ('2', '企业用户', '企业', '2014-12-11', '0');
INSERT INTO `role` VALUES ('3', '银行用户', '银行', '2014-12-11', '0');

-- ----------------------------
-- Table structure for `rolerights`
-- ----------------------------
DROP TABLE IF EXISTS `rolerights`;
CREATE TABLE `rolerights` (
  `RrId` int(11) NOT NULL AUTO_INCREMENT,
  `RoleId` int(11) DEFAULT NULL,
  `RightsId` int(11) DEFAULT NULL COMMENT 'Ȩ',
  PRIMARY KEY (`RrId`)
) ENGINE=InnoDB AUTO_INCREMENT=73 DEFAULT CHARSET=utf8 ROW_FORMAT=COMPACT;

-- ----------------------------
-- Records of rolerights
-- ----------------------------
INSERT INTO `rolerights` VALUES ('3', '2', '3');
INSERT INTO `rolerights` VALUES ('4', '2', '4');
INSERT INTO `rolerights` VALUES ('46', '3', '7');
INSERT INTO `rolerights` VALUES ('47', '3', '8');
INSERT INTO `rolerights` VALUES ('48', '3', '11');
INSERT INTO `rolerights` VALUES ('49', '3', '12');
INSERT INTO `rolerights` VALUES ('50', '3', '13');
INSERT INTO `rolerights` VALUES ('51', '3', '19');
INSERT INTO `rolerights` VALUES ('52', '1', '1');
INSERT INTO `rolerights` VALUES ('53', '1', '2');
INSERT INTO `rolerights` VALUES ('54', '1', '3');
INSERT INTO `rolerights` VALUES ('55', '1', '4');
INSERT INTO `rolerights` VALUES ('56', '1', '5');
INSERT INTO `rolerights` VALUES ('57', '1', '6');
INSERT INTO `rolerights` VALUES ('58', '1', '7');
INSERT INTO `rolerights` VALUES ('59', '1', '8');
INSERT INTO `rolerights` VALUES ('60', '1', '9');
INSERT INTO `rolerights` VALUES ('61', '1', '10');
INSERT INTO `rolerights` VALUES ('62', '1', '11');
INSERT INTO `rolerights` VALUES ('63', '1', '12');
INSERT INTO `rolerights` VALUES ('64', '1', '13');
INSERT INTO `rolerights` VALUES ('65', '1', '14');
INSERT INTO `rolerights` VALUES ('66', '1', '15');
INSERT INTO `rolerights` VALUES ('67', '1', '16');
INSERT INTO `rolerights` VALUES ('68', '1', '17');
INSERT INTO `rolerights` VALUES ('69', '1', '18');
INSERT INTO `rolerights` VALUES ('70', '1', '19');
INSERT INTO `rolerights` VALUES ('71', '1', '20');
INSERT INTO `rolerights` VALUES ('72', '1', '21');

-- ----------------------------
-- Table structure for `userbase`
-- ----------------------------
DROP TABLE IF EXISTS `userbase`;
CREATE TABLE `userbase` (
  `ID` int(11) NOT NULL AUTO_INCREMENT,
  `AdminName` varchar(24) DEFAULT NULL,
  `Password` varchar(50) DEFAULT NULL,
  `Aname` varchar(24) DEFAULT NULL,
  `Sex` varchar(4) DEFAULT NULL,
  `IsDelete` int(11) DEFAULT NULL,
  `CreateTime` varchar(24) DEFAULT NULL,
  `UserType` int(11) DEFAULT NULL,
  `Remarks` varchar(128) DEFAULT NULL,
  `RoleId` int(11) DEFAULT NULL,
  `LockTime` varchar(24) DEFAULT '0',
  `inputNumber` int(5) DEFAULT '0',
  PRIMARY KEY (`ID`)
) ENGINE=InnoDB AUTO_INCREMENT=27 DEFAULT CHARSET=utf8 ROW_FORMAT=COMPACT;

-- ----------------------------
-- Records of userbase
-- ----------------------------
INSERT INTO `userbase` VALUES ('24', 'admin', '0b4e7a0e5fe84ad35fb5f95b9ceeac79', null, null, '0', '2014-12-11 14:04:18', '1', null, '1', '0', '1');
INSERT INTO `userbase` VALUES ('25', 'epinfo', '0b4e7a0e5fe84ad35fb5f95b9ceeac79', null, null, '0', '2014-12-12 10:05:42', '2', null, '1', '0', '1');
INSERT INTO `userbase` VALUES ('26', 'stven', '55af724c22b820c85ef9a6c073b437bf', null, null, '0', '2014-12-13 19:22:09', '2', null, null, '0', '0');
